WMO,STATION,COUNTY NAME,STATE,STATE NAME,BA ZONE,IECC ZONE
690150,TWENTYNINE PALMS,San Bernardino,CA,California,Hot-Dry,3B
690190,ABILENE DYESS AFB,Taylor,TX,Texas,Hot-Dry,3B
690230,WHIDBEY ISLAND NAS,Island,WA,Washington,Cold,4C
699604,YUMA MCAS,Yuma,AZ,Arizona,Hot-Dry,2B
700197,SELAWIK,Northwest Arctic,AK,Alaska,Subarctic,8
700260,BARROW W POST-W ROGERS ARPT,North Slope,AK,Alaska,Subarctic,8
700637,DEADHORSE,North Slope,AK,Alaska,Subarctic,8
701043,POINT HOPE (AWOS),North Slope,AK,Alaska,Subarctic,8
701195,SHISHMAREF (AWOS),Nome,AK,Alaska,Subarctic,8
701330,KOTZEBUE RALPH WEIN MEMORIAL,Northwest Arctic,AK,Alaska,Subarctic,8
701625,ANAKTUVUK PASS,North Slope,AK,Alaska,Subarctic,8
701718,AMBLER,Northwest Arctic,AK,Alaska,Subarctic,8
701740,BETTLES FIELD,Yukon-Koyukuk,AK,Alaska,Subarctic,8
701780,TANANA RALPH M CALHOUN MEM AP,Yukon-Koyukuk,AK,Alaska,Subarctic,8
701940,FORT YUKON,Fairbanks North Star,AK,Alaska,Subarctic,8
702000,NOME MUNICIPAL ARPT,Nome,AK,Alaska,Subarctic,8
702005,SAINT MARY`S (AWOS),Wade Hampton,AK,Alaska,Subarctic,8
702035,SAVOONGA,Nome,AK,Alaska,Subarctic,8
702040,GAMBELL,Nome,AK,Alaska,Subarctic,8
702070,UNALAKLEET FIELD,Nome,AK,Alaska,Subarctic,8
702075,ANVIK,Yukon-Koyukuk,AK,Alaska,Subarctic,8
702084,EMMONAK,Wade Hampton,AK,Alaska,Subarctic,8
702185,MEKORYUK,Bethel,AK,Alaska,Subarctic,8
702186,HOOPER BAY,Wade Hampton,AK,Alaska,Subarctic,8
702190,BETHEL AIRPORT,Bethel,AK,Alaska,Subarctic,8
702225,HUSLIA,Yukon-Koyukuk,AK,Alaska,Subarctic,8
702310,MCGRATH ARPT,Yukon-Koyukuk,AK,Alaska,Subarctic,8
702320,ANIAK AIRPORT,Bethel,AK,Alaska,Subarctic,8
702460,MINCHUMINA,Yukon-Koyukuk,AK,Alaska,Subarctic,8
702495,HAYES RIVER,Matanuska-Susitna,AK,Alaska,Very Cold,7
702510,TALKEETNA STATE ARPT,Matanuska-Susitna,AK,Alaska,Very Cold,7
702590,KENAI MUNICIPAL AP,Kenai Peninsula,AK,Alaska,Very Cold,7
702595,SOLDOTNA,Kenai Peninsula,AK,Alaska,Very Cold,7
702600,NENANA MUNICIPAL AP,Yukon-Koyukuk,AK,Alaska,Subarctic,8
702606,CHULITNA,Matanuska-Susitna,AK,Alaska,Very Cold,7
702607,HOONAH,Skagway-Hoonah-Angoon,AK,Alaska,Very Cold,7
702610,FAIRBANKS INTL ARPT,Fairbanks North Star,AK,Alaska,Subarctic,8
702647,HEALY RIVER AIRPORT,Denali,AK,Alaska,Very Cold,7
702650,FAIRBANKS/EIELSON A,Fairbanks North Star,AK,Alaska,Subarctic,8
702670,BIG DELTA ALLEN AAF,Southeast Fairbanks,AK,Alaska,Subarctic,8
702710,GULKANA INTERMEDIATE FIELD,Valdez-Cordova,AK,Alaska,Very Cold,7
702720,ANCHORAGE/ELMENDORF,Anchorage,AK,Alaska,Very Cold,7
702725,LAKE HOOD SEAPLANE,Anchorage,AK,Alaska,Very Cold,7
702730,ANCHORAGE INTL AP,Anchorage,AK,Alaska,Very Cold,7
702735,ANCHORAGE MERRILL FIELD,Anchorage,AK,Alaska,Very Cold,7
702740,PALMER MUNICIPAL,Matanuska-Susitna,AK,Alaska,Very Cold,7
702746,BIRCHWOOD,Anchorage,AK,Alaska,Very Cold,7
702750,VALDEZ WSO,Valdez-Cordova,AK,Alaska,Very Cold,7
702756,VALDEZ PIONEER FIEL,Valdez-Cordova,AK,Alaska,Very Cold,7
702757,WHITTIER,Valdez-Cordova,AK,Alaska,Very Cold,7
702770,SEWARD,Kenai Peninsula,AK,Alaska,Very Cold,7
702910,NORTHWAY AIRPORT,Southeast Fairbanks,AK,Alaska,Subarctic,8
702960,CORDOVA,Valdez-Cordova,AK,Alaska,Very Cold,7
702986,BIG RIVER LAKE,Kenai Peninsula,AK,Alaska,Very Cold,7
703080,ST PAUL ISLAND ARPT,Aleutians West,AK,Alaska,Very Cold,7
703160,COLD BAY ARPT,Aleutians East,AK,Alaska,Very Cold,7
703165,SAND POINT,Aleutians East,AK,Alaska,Very Cold,7
703210,DILLINGHAM MUNI,Dillingham,AK,Alaska,Subarctic,8
703260,KING SALMON ARPT,Bristol Bay,AK,Alaska,Very Cold,7
703330,PORT HEIDEN,Lake and Peninsula,AK,Alaska,Very Cold,7
703400,ILIAMNA ARPT,Lake and Peninsula,AK,Alaska,Very Cold,7
703407,SLEETMUTE,Bethel,AK,Alaska,Subarctic,8
703410,HOMER ARPT,Kenai Peninsula,AK,Alaska,Very Cold,7
703430,MIDDLETON ISL. AMOS,Valdez-Cordova,AK,Alaska,Very Cold,7
703500,KODIAK AIRPORT,Kodiak Island,AK,Alaska,Very Cold,7
703606,TOGIAC VILLAGE AWOS,Dillingham,AK,Alaska,Subarctic,8
703610,YAKUTAT STATE ARPT,Yakutat,AK,Alaska,Very Cold,7
703620,SKAGWAY AIRPORT,Skagway-Hoonah-Angoon,AK,Alaska,Very Cold,7
703670,GUSTAVUS,Skagway-Hoonah-Angoon,AK,Alaska,Very Cold,7
703710,SITKA JAPONSKI AP,Sitka,AK,Alaska,Very Cold,7
703810,JUNEAU INT'L ARPT,Juneau,AK,Alaska,Very Cold,7
703855,KAKE SEAPLANE BASE,Wrangell-Petersburg,AK,Alaska,Very Cold,7
703860,PETERSBURG,Wrangell-Petersburg,AK,Alaska,Very Cold,7
703870,WRANGELL,Wrangell-Petersburg,AK,Alaska,Very Cold,7
703884,HYDABURG SEAPLANE,Prince of Wales-Outer Ketchikan,AK,Alaska,Very Cold,7
703950,KETCHIKAN INTL AP,Ketchikan Gateway,AK,Alaska,Very Cold,7
703980,ANNETTE ISLAND AP,Prince of Wales-Outer Ketchikan,AK,Alaska,Very Cold,7
704140,SHEMYA AFB,Aleutians West,AK,Alaska,Very Cold,7
704540,ADAK NAS,Aleutians West,AK,Alaska,Very Cold,7
704890,DUTCH HARBOR,Aleutians West,AK,Alaska,Very Cold,7
722010,KEY WEST INTL ARPT,Monroe,FL,Florida,Hot-Humid,1A
722015,KEY WEST NAS,Monroe,FL,Florida,Hot-Humid,1A
722016,MARATHON AIRPORT,Monroe,FL,Florida,Hot-Humid,1A
722020,MIAMI INTL AP,Miami-Dade,FL,Florida,Hot-Humid,1A
722024,MIAMI/OPA LOCKA,Miami-Dade,FL,Florida,Hot-Humid,1A
722025,FORT LAUDERDALE HOLLYWOOD INT,Broward,FL,Florida,Hot-Humid,1A
722026,HOMESTEAD AFB,Miami-Dade,FL,Florida,Hot-Humid,1A
722029,MIAMI/KENDALL-TAMIA,Miami-Dade,FL,Florida,Hot-Humid,1A
722030,WEST PALM BEACH INTL ARPT,Palm Beach,FL,Florida,Hot-Humid,2A
722038,NAPLES MUNICIPAL,Collier,FL,Florida,Hot-Humid,2A
722039,FORT LAUDERDALE,Broward,FL,Florida,Hot-Humid,1A
722040,MELBOURNE REGIONAL AP,Brevard,FL,Florida,Hot-Humid,2A
722045,VERO BEACH MUNICIPAL ARPT,Indian River,FL,Florida,Hot-Humid,2A
722050,ORLANDO INTL ARPT,Orange,FL,Florida,Hot-Humid,2A
722053,ORLANDO EXECUTIVE AP,Orange,FL,Florida,Hot-Humid,2A
722055,OCALA MUNI (AWOS),Marion,FL,Florida,Hot-Humid,2A
722056,DAYTONA BEACH INTL AP,Volusia,FL,Florida,Hot-Humid,2A
722057,ORLANDO SANFORD AIRPORT,Seminole,FL,Florida,Hot-Humid,2A
722060,JACKSONVILLE INTL ARPT,Duval,FL,Florida,Hot-Humid,2A
722065,JACKSONVILLE NAS,Duval,FL,Florida,Hot-Humid,2A
722066,MAYPORT NS,Duval,FL,Florida,Hot-Humid,2A
722068,JACKSONVILLE/CRAIG,Duval,FL,Florida,Hot-Humid,2A
722070,SAVANNAH INTL AP,Chatham,GA,Georgia,Hot-Humid,2A
722080,CHARLESTON INTL ARPT,Charleston,SC,South Carolina,Hot-Humid,3A
722085,BEAUFORT MCAS,Beaufort,SC,South Carolina,Hot-Humid,3A
722103,ST LUCIE CO INTL,St. Lucie,FL,Florida,Hot-Humid,2A
722104,ST PETERSBURG ALBERT WHITTED,Pinellas,FL,Florida,Hot-Humid,2A
722106,FORT MYERS PAGE FIELD,Lee,FL,Florida,Hot-Humid,2A
722108,SOUTHWEST FLORIDA I,Lee,FL,Florida,Hot-Humid,2A
722110,TAMPA INTERNATIONAL AP,Hillsborough,FL,Florida,Hot-Humid,2A
722115,SARASOTA BRADENTON,Sarasota,FL,Florida,Hot-Humid,2A
722116,ST PETERSBURG CLEAR,Pinellas,FL,Florida,Hot-Humid,2A
722119,LAKELAND LINDER RGN,Polk,FL,Florida,Hot-Humid,2A
722135,ALMA BACON COUNTY AP,Bacon,GA,Georgia,Hot-Humid,2A
722136,BRUNSWICK GOLDEN IS,Glynn,GA,Georgia,Hot-Humid,2A
722137,BRUNSWICK MALCOLM MCKINNON AP,Glynn,GA,Georgia,Hot-Humid,2A
722140,TALLAHASSEE REGIONAL AP,Leon,FL,Florida,Hot-Humid,2A
722146,GAINESVILLE REGIONAL AP,Alachua,FL,Florida,Hot-Humid,2A
722160,ALBANY DOUGHERTY COUNTY AP,Dougherty,GA,Georgia,Hot-Humid,3A
722166,VALDOSTA WB AIRPORT,Lowndes,GA,Georgia,Hot-Humid,2A
722170,MACON MIDDLE GA REGIONAL AP,Bibb,GA,Georgia,Mixed-Humid,3A
722175,WARNER ROBINS AFB,Houston,GA,Georgia,Hot-Humid,3A
722180,AUGUSTA BUSH FIELD,Richmond,GA,Georgia,Mixed-Humid,3A
722190,ATLANTA HARTSFIELD INTL AP,Clayton,GA,Georgia,Mixed-Humid,3A
722195,FULTON CO ARPT BROW,Fulton,GA,Georgia,Mixed-Humid,3A
722196,DEKALB PEACHTREE,DeKalb,GA,Georgia,Mixed-Humid,3A
722210,EGLIN AFB/VALPARAIS,Okaloosa,FL,Florida,Hot-Humid,2A
722215,CRESTVIEW BOB SIKES AP,Okaloosa,FL,Florida,Hot-Humid,2A
722223,PENSACOLA REGIONAL AP,Escambia,FL,Florida,Hot-Humid,2A
722225,PENSACOLA FOREST SHERMAN NAS,Escambia,FL,Florida,Hot-Humid,2A
722226,WHITING FIELD NAAS,Santa Rosa,FL,Florida,Hot-Humid,2A
722230,MOBILE REGIONAL AP,Mobile,AL,Alabama,Hot-Humid,2A
722235,MOBILE DOWNTOWN AP,Mobile,AL,Alabama,Hot-Humid,2A
722245,PANAMA CITY BAY CO,Bay,FL,Florida,Hot-Humid,2A
722250,FORT BENNING,Chattahoochee,GA,Georgia,Hot-Humid,3A
722255,COLUMBUS METROPOLITAN ARPT,Muscogee,GA,Georgia,Mixed-Humid,3A
722260,MONTGOMERY DANNELLY FIELD,Montgomery,AL,Alabama,Hot-Humid,3A
722265,MAXWELL AFB/MONTGOM,Montgomery,AL,Alabama,Hot-Humid,3A
722267,TROY AF,Pike,AL,Alabama,Hot-Humid,3A
722268,DOTHAN MUNICIPAL,Dale,AL,Alabama,Hot-Humid,3A
722269,CAIRNS AAF/OZARK,Dale,AL,Alabama,Hot-Humid,3A
722270,DOBBINS AFB/MARIETT,Cobb,GA,Georgia,Mixed-Humid,3A
722280,BIRMINGHAM MUNICIPAL AP,Jefferson,AL,Alabama,Mixed-Humid,3A
722284,AUBURN-OPELIKA APT,Lee,AL,Alabama,Mixed-Humid,3A
722285,GADSEN MUNI (AWOS),Etowah,AL,Alabama,Mixed-Humid,3A
722286,TUSCALOOSA MUNICIPAL AP,Tuscaloosa,AL,Alabama,Mixed-Humid,3A
722287,ANNISTON METROPOLITAN AP,Calhoun,AL,Alabama,Mixed-Humid,3A
722310,NEW ORLEANS INTL ARPT,Jefferson,LA,Louisiana,Hot-Humid,2A
722314,NEW IBERIA NAAS,Iberia,LA,Louisiana,Hot-Humid,2A
722315,NEW ORLEANS LAKEFRONT AP,Orleans,LA,Louisiana,Hot-Humid,2A
722316,NEW ORLEANS ALVIN CALLENDER F,Plaquemines,LA,Louisiana,Hot-Humid,2A
722317,BATON ROUGE RYAN ARPT,East Baton Rouge,LA,Louisiana,Hot-Humid,2A
722329,PATTERSON MEMORIAL,St. Mary,LA,Louisiana,Hot-Humid,2A
722340,MERIDIAN KEY FIELD,Lauderdale,MS,Mississippi,Mixed-Humid,3A
722345,MERIDIAN NAAS,Lauderdale,MS,Mississippi,Mixed-Humid,3A
722348,HATTIESBURG LAUREL,Jones,MS,Mississippi,Hot-Humid,3A
722350,JACKSON INTERNATIONAL AP,Rankin,MS,Mississippi,Hot-Humid,3A
722356,GREENVILLE MUNICIPAL,Washington,MS,Mississippi,Mixed-Humid,3A
722357,NATCHEZ/HARDY(AWOS),Adams,MS,Mississippi,Hot-Humid,3A
722358,MCCOMB PIKE COUNTY AP,Pike,MS,Mississippi,Hot-Humid,3A
722359,GREENWOOD LEFLORE ARPT,Carroll,MS,Mississippi,Mixed-Humid,3A
722390,FORT POLK (ARMY),Vernon,LA,Louisiana,Hot-Humid,3A
722400,LAKE CHARLES REGIONAL ARPT,Calcasieu,LA,Louisiana,Hot-Humid,2A
722404,LAKE CHARLES WB AIRP,Calcasieu,LA,Louisiana,Hot-Humid,2A
722405,LAFAYETTE REGIONAL AP,Lafayette,LA,Louisiana,Hot-Humid,2A
722406,HOUMA-TERREBONNE,Terrebonne,LA,Louisiana,Hot-Humid,2A
722410,PORT ARTHUR JEFFERSON COUNTY,Jefferson,TX,Texas,Hot-Humid,2A
722420,GALVESTON/SCHOLES,Galveston,TX,Texas,Hot-Humid,2A
722429,HOUSTON/D.W. HOOKS,Harris,TX,Texas,Hot-Humid,2A
722430,HOUSTON BUSH INTERCONTINENTAL,Harris,TX,Texas,Hot-Humid,2A
722435,HOUSTON WILLIAM P HOBBY AP,Harris,TX,Texas,Hot-Humid,2A
722436,HOUSTON/ELLINGTON,Harris,TX,Texas,Hot-Humid,2A
722445,COLLEGE STATION EASTERWOOD FL,Brazos,TX,Texas,Hot-Humid,2A
722446,LUFKIN ANGELINA CO,Angelina,TX,Texas,Hot-Humid,2A
722448,TYLER/POUNDS FLD,Smith,TX,Texas,Hot-Humid,3A
722470,LONGVIEW GREGG COUNTY AP,Gregg,TX,Texas,Hot-Humid,3A
722480,SHREVEPORT REGIONAL ARPT,Caddo,LA,Louisiana,Hot-Humid,3A
722484,SHREVEPORT DOWNTOWN,Caddo,LA,Louisiana,Hot-Humid,3A
722485,BARKSDALE AFB,Bossier,LA,Louisiana,Hot-Humid,3A
722486,MONROE REGIONAL AP,Ouachita,LA,Louisiana,Hot-Humid,3A
722487,ALEXANDRIA ESLER REGIONAL AP,Rapides,LA,Louisiana,Hot-Humid,2A
722499,NACOGDOCHES (AWOS),Nacogdoches,TX,Texas,Hot-Humid,3A
722500,BROWNSVILLE S PADRE ISL INTL,Cameron,TX,Texas,Hot-Humid,2A
722505,HARLINGEN RIO GRANDE VALLEY I,Cameron,TX,Texas,Hot-Humid,2A
722506,MCALLEN MILLER INTL AP,Hidalgo,TX,Texas,Hot-Humid,2A
722510,CORPUS CHRISTI INTL ARPT,Nueces,TX,Texas,Hot-Humid,2A
722515,CORPUS CHRISTI NAS,Nueces,TX,Texas,Hot-Humid,2A
722516,KINGSVILLE,Kleberg,TX,Texas,Hot-Humid,2A
722517,ALICE INTL AP,Jim Wells,TX,Texas,Hot-Humid,2A
722520,LAREDO INTL AIRPORT,Webb,TX,Texas,Hot-Humid,2B
722523,SAN ANTONIO/STINSON,Bexar,TX,Texas,Hot-Humid,2A
722524,ROCKPORT/ARANSAS CO,Aransas,TX,Texas,Hot-Humid,2A
722526,COTULLA FAA AP,La Salle,TX,Texas,Hot-Humid,2B
722530,SAN ANTONIO INTL AP,Bexar,TX,Texas,Hot-Humid,2A
722533,HONDO MUNICIPAL AP,Medina,TX,Texas,Hot-Humid,2B
722535,KELLY AFB,Bexar,TX,Texas,Hot-Humid,2A
722536,RANDOLPH AFB,Bexar,TX,Texas,Hot-Humid,2A
722540,AUSTIN/BERGSTROM,Travis,TX,Texas,Hot-Humid,2A
722544,CAMP MABRY,Travis,TX,Texas,Hot-Humid,2A
722547,GEORGETOWN (AWOS),Williamson,TX,Texas,Hot-Humid,2A
722550,VICTORIA REGIONAL AP,Victoria,TX,Texas,Hot-Humid,2A
722555,PALACIOS MUNICIPAL AP,Matagorda,TX,Texas,Hot-Humid,2A
722560,WACO REGIONAL AP,McLennan,TX,Texas,Hot-Humid,2A
722563,MC GREGOR (AWOS),McLennan,TX,Texas,Hot-Humid,2A
722570,FORT HOOD,Bell,TX,Texas,Hot-Humid,2A
722575,KILLEEN MUNI (AWOS),Bell,TX,Texas,Hot-Humid,2A
722576,FORT HOOD/GRAY AAF,Bell,TX,Texas,Hot-Humid,2A
722577,DRAUGHON MILLER CEN,Bell,TX,Texas,Hot-Humid,2A
722583,DALLAS LOVE FIELD,Dallas,TX,Texas,Hot-Humid,3A
722587,COX FLD,Lamar,TX,Texas,Hot-Humid,3A
722588,GREENVILLE/MAJORS,Hunt,TX,Texas,Hot-Humid,3A
722590,DALLAS-FORT WORTH INTL AP,Tarrant,TX,Texas,Hot-Humid,3A
722594,FORT WORTH ALLIANCE,Tarrant,TX,Texas,Hot-Humid,3A
722595,FORT WORTH NAS,Tarrant,TX,Texas,Hot-Humid,3A
722596,FORT WORTH MEACHAM,Tarrant,TX,Texas,Hot-Humid,3A
722597,MINERAL WELLS MUNICIPAL AP,Palo Pinto,TX,Texas,Mixed-Humid,3A
722598,DALLAS/ADDISON ARPT,Dallas,TX,Texas,Hot-Humid,3A
722599,DALLAS/REDBIRD ARPT,Dallas,TX,Texas,Hot-Humid,3A
722610,DEL RIO INTERNATIONAL AP,Val Verde,TX,Texas,Hot-Humid,2B
722615,LAUGHLIN AFB,Val Verde,TX,Texas,Hot-Humid,2B
722630,SAN ANGELO MATHIS FIELD,Tom Green,TX,Texas,Hot-Dry,3B
722636,DALHART MUNICIPAL AP,Hartley,TX,Texas,Mixed-Dry,4B
722640,MARFA AP,Presidio,TX,Texas,Hot-Dry,3B
722650,MIDLAND INTERNATIONAL AP,Midland,TX,Texas,Hot-Dry,3B
722656,WINK WINKLER COUNTY AP,Winkler,TX,Texas,Hot-Dry,3B
722660,ABILENE REGIONAL AP,Taylor,TX,Texas,Hot-Dry,3B
722670,LUBBOCK INTERNATIONAL AP,Lubbock,TX,Texas,Hot-Dry,3B
722680,ROSWELL INDUSTRIAL AIR PARK,Chaves,NM,New Mexico,Hot-Dry,3B
722683,SIERRA BLANCA RGNL,Lincoln,NM,New Mexico,Mixed-Dry,4B
722686,CANNON AFB/CLOVIS,Curry,NM,New Mexico,Mixed-Dry,4B
722687,CARLSBAD CAVERN CITY AIR TERM,Eddy,NM,New Mexico,Hot-Dry,3B
722689,CLOVIS MUNI  (AWOS),Curry,NM,New Mexico,Mixed-Dry,4B
722695,LAS CRUCES INTL,Dona Ana,NM,New Mexico,Hot-Dry,3B
722700,EL PASO INTERNATIONAL AP,El Paso,TX,Texas,Hot-Dry,3B
722710,TRUTH OR CONSEQUENCES MUNI AP,Sierra,NM,New Mexico,Mixed-Dry,4B
722725,DEMING MUNI,Luna,NM,New Mexico,Hot-Dry,3B
722735,DOUGLAS BISBEE-DOUGLAS INTL A,Cochise,AZ,Arizona,Hot-Dry,3B
722740,TUCSON INTERNATIONAL AP,Pima,AZ,Arizona,Hot-Dry,2B
722745,DAVIS-MONTHAN AFB,Pima,AZ,Arizona,Hot-Dry,2B
722747,SAFFORD (AMOS),Graham,AZ,Arizona,Hot-Dry,3B
722748,CASA GRANDA (AWOS),Pinal,AZ,Arizona,Hot-Dry,2B
722780,PHOENIX SKY HARBOR INTL AP,Maricopa,AZ,Arizona,Hot-Dry,2B
722784,DEER VALLEY/PHOENIX,Maricopa,AZ,Arizona,Hot-Dry,2B
722785,LUKE AFB/PHOENIX,Maricopa,AZ,Arizona,Hot-Dry,2B
722789,SCOTTSDALE MUNI,Maricopa,AZ,Arizona,Hot-Dry,2B
722800,YUMA INTL AIRPORT,Yuma,AZ,Arizona,Hot-Dry,2B
722860,MARCH AFB/RIVERSIDE,Riverside,CA,California,Hot-Dry,3B
722868,PALM SPRINGS INTL,Riverside,CA,California,Hot-Dry,3B
722869,RIVERSIDE MUNI,Riverside,CA,California,Hot-Dry,3B
722880,BURBANK-GLENDALE-PASSADENA AP,Los Angeles,CA,California,Hot-Dry,3B
722885,SANTA MONICA MUNI,Los Angeles,CA,California,Hot-Dry,3B
722886,VAN NUYS AIRPORT,Los Angeles,CA,California,Hot-Dry,3B
722895,LOMPOC (AWOS),Santa Barbara,CA,California,Marine,3C
722897,SAN LUIS CO RGNL,San Luis Obispo,CA,California,Marine,3C
722899,CHINO AIRPORT,San Bernardino,CA,California,Hot-Dry,3B
722900,SAN DIEGO LINDBERGH FIELD,San Diego,CA,California,Hot-Dry,3B
722903,SAN DIEGO/MONTGOMER,San Diego,CA,California,Hot-Dry,3B
722904,SAN DIEGO/BROWN FLD,San Diego,CA,California,Hot-Dry,3B
722906,SAN DIEGO NORTH ISLAND NAS,San Diego,CA,California,Hot-Dry,3B
722926,CAMP PENDLETON MCAS,San Diego,CA,California,Hot-Dry,3B
722927,CARLSBAD/PALOMAR,San Diego,CA,California,Hot-Dry,3B
722930,SAN DIEGO MIRAMAR NAS,San Diego,CA,California,Hot-Dry,3B
722950,LOS ANGELES INTL ARPT,Los Angeles,CA,California,Hot-Dry,3B
722956,JACK NORTHROP FLD H,Los Angeles,CA,California,Hot-Dry,3B
722970,LONG BEACH DAUGHERTY FLD,Los Angeles,CA,California,Hot-Dry,3B
722976,FULLERTON MUNICIPAL,Orange,CA,California,Hot-Dry,3B
722977,SANTA ANA JOHN WAYNE AP,Orange,CA,California,Hot-Dry,3B
723013,WILMINGTON INTERNATIONAL ARPT,New Hanover,NC,North Carolina,Hot-Humid,3A
723030,POPE AFB,Cumberland,NC,North Carolina,Mixed-Humid,3A
723035,FAYETTEVILLE RGNL G,Cumberland,NC,North Carolina,Mixed-Humid,3A
723040,CAPE HATTERAS,Dare,NC,North Carolina,Mixed-Humid,3A
723046,DARE CO RGNL,Dare,NC,North Carolina,Mixed-Humid,3A
723060,RALEIGH DURHAM INTERNATIONAL,Wake,NC,North Carolina,Mixed-Humid,4A
723065,PITT GREENVILLE ARP,Pitt,NC,North Carolina,Mixed-Humid,3A
723066,SEYMOUR-JOHNSON AFB,Wayne,NC,North Carolina,Mixed-Humid,3A
723067,KINSTON STALLINGS AFB,Lenoir,NC,North Carolina,Mixed-Humid,3A
723068,ROCKY MOUNT WILSON,Nash,NC,North Carolina,Mixed-Humid,4A
723069,JACKSONVILLE (AWOS),Onslow,NC,North Carolina,Hot-Humid,3A
723075,OCEANA NAS,Virginia Beach,VA,Virginia,Mixed-Humid,4A
723080,NORFOLK INTERNATIONAL AP,Norfolk,VA,Virginia,Mixed-Humid,4A
723083,FRANKLIN NAAS,Isle of Wight,VA,Virginia,Mixed-Humid,4A
723085,NORFOLK NAS,Norfolk,VA,Virginia,Mixed-Humid,4A
723086,NEWPORT NEWS,Newport News,VA,Virginia,Mixed-Humid,4A
723090,CHERRY POINT MCAS,Craven,NC,North Carolina,Mixed-Humid,3A
723095,NEW BERN CRAVEN CO REGL AP,Craven,NC,North Carolina,Mixed-Humid,3A
723096,NEW RIVER MCAF,Onslow,NC,North Carolina,Hot-Humid,3A
723100,COLUMBIA METRO ARPT,Lexington,SC,South Carolina,Mixed-Humid,3A
723106,FLORENCE REGIONAL AP,Florence,SC,South Carolina,Mixed-Humid,3A
723110,ATHENS BEN EPPS AP,Clarke,GA,Georgia,Mixed-Humid,3A
723119,GREENVILLE DOWNTOWN AP,Greenville,SC,South Carolina,Mixed-Humid,3A
723120,GREER GREENV'L-SPARTANBRG AP,Spartanburg,SC,South Carolina,Mixed-Humid,3A
723125,ANDERSON COUNTY AP,Anderson,SC,South Carolina,Mixed-Humid,3A
723140,CHARLOTTE DOUGLAS INTL ARPT,Mecklenburg,NC,North Carolina,Mixed-Humid,3A
723143,SOUTHERN PINES AWOS,Moore,NC,North Carolina,Mixed-Humid,3A
723145,HICKORY REGIONAL AP,Burke,NC,North Carolina,Mixed-Humid,4A
723150,ASHEVILLE REGIONAL ARPT,Buncombe,NC,North Carolina,Mixed-Humid,4A
723170,GREENSBORO PIEDMONT TRIAD INT,Guilford,NC,North Carolina,Mixed-Humid,4A
723183,BRISTOL TRI CITY AIRPORT,Sullivan,TN,Tennessee,Mixed-Humid,4A
723193,WINSTON-SALEM REYNOLDS AP,Forsyth,NC,North Carolina,Mixed-Humid,4A
723200,ROME R B RUSSELL AP,Floyd,GA,Georgia,Mixed-Humid,4A
723230,HUNTSVILLE INTL/JONES FIELD,Limestone,AL,Alabama,Mixed-Humid,3A
723235,MUSCLE SHOALS REGIONAL AP,Colbert,AL,Alabama,Mixed-Humid,3A
723240,CHATTANOOGA LOVELL FIELD AP,Hamilton,TN,Tennessee,Mixed-Humid,4A
723260,KNOXVILLE MCGHEE TYSON AP,Blount,TN,Tennessee,Mixed-Humid,4A
723265,CROSSVILLE MEMORIAL AP,Cumberland,TN,Tennessee,Mixed-Humid,4A
723270,NASHVILLE INTERNATIONAL AP,Davidson,TN,Tennessee,Mixed-Humid,4A
723300,POPLAR BLUFF(AMOS),Butler,MO,Missouri,Mixed-Humid,4A
723306,COLUMBUS AFB,Lowndes,MS,Mississippi,Mixed-Humid,3A
723307,GOLDEN TRI(AWOS),Lowndes,MS,Mississippi,Mixed-Humid,3A
723320,TUPELO C D LEMONS ARPT,Lee,MS,Mississippi,Mixed-Humid,3A
723340,MEMPHIS INTERNATIONAL AP,Shelby,TN,Tennessee,Mixed-Humid,3A
723346,JACKSON MCKELLAR-SIPES REGL A,Madison,TN,Tennessee,Mixed-Humid,3A
723347,DYERSBURG MUNICIPAL AP,Dyer,TN,Tennessee,Mixed-Humid,3A
723403,LITTLE ROCK ADAMS FIELD,Pulaski,AR,Arkansas,Mixed-Humid,3A
723405,LITTLE ROCK AFB,Pulaski,AR,Arkansas,Mixed-Humid,3A
723406,WALNUT RIDGE (AWOS),Lawrence,AR,Arkansas,Mixed-Humid,3A
723407,JONESBORO MUNI,Craighead,AR,Arkansas,Mixed-Humid,3A
723415,MEMORIAL FLD,Garland,AR,Arkansas,Mixed-Humid,3A
723416,STUTTGART (AWOS),Prairie,AR,Arkansas,Mixed-Humid,3A
723417,PINE BLUFF FAA AP,Jefferson,AR,Arkansas,Mixed-Humid,3A
723418,TEXARKANA WEBB FIELD,Miller,AR,Arkansas,Hot-Humid,3A
723419,EL DORADO GOODWIN FIELD,Union,AR,Arkansas,Hot-Humid,3A
723434,SPRINGDALE MUNI,Washington,AR,Arkansas,Mixed-Humid,4A
723440,FORT SMITH REGIONAL AP,Sebastian,AR,Arkansas,Mixed-Humid,3A
723443,SILOAM SPRING(AWOS),Benton,AR,Arkansas,Mixed-Humid,4A
723444,BENTONVILLE (AWOS),Benton,AR,Arkansas,Mixed-Humid,4A
723445,FAYETTEVILLE DRAKE FIELD,Washington,AR,Arkansas,Mixed-Humid,4A
723446,HARRISON FAA AP,Boone,AR,Arkansas,Mixed-Humid,4A
723447,FLIPPIN (AWOS),Baxter,AR,Arkansas,Mixed-Humid,4A
723448,BATESVILLE (AWOS),Independence,AR,Arkansas,Mixed-Humid,3A
723449,ROGERS (AWOS),Benton,AR,Arkansas,Mixed-Humid,4A
723489,CAPE GIRARDEAU MUNICIPAL AP,Scott,MO,Missouri,Mixed-Humid,4A
723495,JOPLIN MUNICIPAL AP,Jasper,MO,Missouri,Mixed-Humid,4A
723510,WICHITA FALLS MUNICIPAL ARPT,Wichita,TX,Texas,Mixed-Humid,3A
723520,ALTUS AFB,Jackson,OK,Oklahoma,Mixed-Humid,3A
723525,HOBART MUNICIPAL AP,Kiowa,OK,Oklahoma,Mixed-Humid,3A
723526,CLINTON-SHERMAN,Washita,OK,Oklahoma,Mixed-Humid,3A
723527,GAGE AIRPORT,Ellis,OK,Oklahoma,Mixed-Humid,3A
723530,OKLAHOMA CITY WILL ROGERS WOR,Oklahoma,OK,Oklahoma,Mixed-Humid,3A
723535,VANCE AFB,Garfield,OK,Oklahoma,Mixed-Humid,3A
723540,TINKER AFB,Oklahoma,OK,Oklahoma,Mixed-Humid,3A
723544,OKLAHOMA CITY/WILEY,Oklahoma,OK,Oklahoma,Mixed-Humid,3A
723545,STILLWATER RGNL,Payne,OK,Oklahoma,Mixed-Humid,3A
723546,PONCA CITY MUNICIPAL AP,Kay,OK,Oklahoma,Mixed-Humid,3A
723550,FORT SILL,Comanche,OK,Oklahoma,Mixed-Humid,3A
723560,TULSA INTERNATIONAL AIRPORT,Tulsa,OK,Oklahoma,Mixed-Humid,3A
723565,BARTLESVILLE/PHILLI,Osage,OK,Oklahoma,Mixed-Humid,3A
723566,MCALESTER MUNICIPAL AP,Pittsburg,OK,Oklahoma,Mixed-Humid,3A
723575,LAWTON MUNICIPAL,Comanche,OK,Oklahoma,Mixed-Humid,3A
723600,CLAYTON MUNICIPAL AIRPARK,Union,NM,New Mexico,Mixed-Dry,4B
723604,CHILDRESS MUNICIPAL AP,Childress,TX,Texas,Hot-Dry,3B
723627,GALLUP SEN CLARKE FLD,McKinley,NM,New Mexico,Cold,5B
723630,AMARILLO INTERNATIONAL AP,Potter,TX,Texas,Mixed-Dry,4B
723650,ALBUQUERQUE INTL ARPT,Bernalillo,NM,New Mexico,Mixed-Dry,4B
723656,SATA FE COUNTY MUNICIPAL AP,Santa Fe,NM,New Mexico,Cold,5B
723658,FARMINGTON FOUR CORNERS REGL,San Juan,NM,New Mexico,Cold,5B
723663,TAOS MUNI APT(AWOS),Taos,NM,New Mexico,Cold,5B
723676,TUCUMCARI FAA AP,Quay,NM,New Mexico,Mixed-Dry,4B
723677,LAS VEGAS MUNICIPAL ARPT,San Miguel,NM,New Mexico,Cold,5B
723700,KINGMAN (AMOS),Mohave,AZ,Arizona,Hot-Dry,3B
723710,PAGE MUNI (AMOS),Coconino,AZ,Arizona,Cold,5B
723723,PRESCOTT LOVE FIELD,Yavapai,AZ,Arizona,Mixed-Dry,4B
723740,WINSLOW MUNICIPAL AP,Navajo,AZ,Arizona,Cold,5B
723747,SHOW LOW MUNICIPAL,Navajo,AZ,Arizona,Cold,5B
723755,FLAGSTAFF PULLIAM ARPT,Coconino,AZ,Arizona,Cold,5B
723783,GRAND CANYON NATL P,Coconino,AZ,Arizona,Cold,5B
723805,NEEDLES AIRPORT,San Bernardino,CA,California,Hot-Dry,3B
723810,EDWARDS AFB,Kern,CA,California,Hot-Dry,3B
723815,DAGGETT BARSTOW-DAGGETT AP,San Bernardino,CA,California,Hot-Dry,3B
723816,LANCASTER GEN WM FOX FIELD,Los Angeles,CA,California,Hot-Dry,3B
723820,PALMDALE AIRPORT,Los Angeles,CA,California,Hot-Dry,3B
723830,SANDBERG,Los Angeles,CA,California,Hot-Dry,3B
723840,BAKERSFIELD MEADOWS FIELD,Kern,CA,California,Hot-Dry,3B
723860,LAS VEGAS MCCARRAN INTL AP,Clark,NV,Nevada,Hot-Dry,3B
723865,NELLIS AFB,Clark,NV,Nevada,Hot-Dry,3B
723870,MERCURY DESERT ROCK AP,Nye,NV,Nevada,Cold,5B
723890,FRESNO YOSEMITE INTL AP,Fresno,CA,California,Hot-Dry,3B
723895,PORTERVILLE (AWOS),Tulare,CA,California,Hot-Dry,3B
723896,VISALIA MUNI (AWOS),Tulare,CA,California,Hot-Dry,3B
723910,POINT MUGU NF,Ventura,CA,California,Marine,3C
723925,SANTA BARBARA MUNICIPAL AP,Santa Barbara,CA,California,Marine,3C
723926,CAMARILLO (AWOS),Ventura,CA,California,Marine,3C
723927,OXNARD AIRPORT,Ventura,CA,California,Marine,3C
723940,SANTA MARIA PUBLIC ARPT,Santa Barbara,CA,California,Marine,3C
723965,PASO ROBLES MUNICIPAL ARPT,San Luis Obispo,CA,California,Marine,3C
724010,RICHMOND INTERNATIONAL AP,Henrico,VA,Virginia,Mixed-Humid,4A
724014,DINWIDDIE CO,Dinwiddie,VA,Virginia,Mixed-Humid,4A
724016,CHARLOTTESVILLE FAA,Albemarle,VA,Virginia,Mixed-Humid,4A
724017,FARMVILLE,Cumberland,VA,Virginia,Mixed-Humid,4A
724026,MELFA/ACCOMACK ARPT,Accomack,VA,Virginia,Mixed-Humid,4A
724030,WASHINGTON DC DULLES INT'L AR,Loudoun,VA,Virginia,Mixed-Humid,4A
724033,SHANNON ARPT,Spotsylvania,VA,Virginia,Mixed-Humid,4A
724035,QUANTICO MCAS,Charles City,VA,Virginia,Mixed-Humid,4A
724036,MANASSAS MUNI(AWOS),Manassas,VA,Virginia,Mixed-Humid,4A
724037,FORT BELVOIR/DAVISO,Fairfax,VA,Virginia,Mixed-Humid,4A
724040,PATUXENT RIVER NAS,St. Mary's,MD,Maryland,Mixed-Humid,4A
724045,SALISBURY WICOMICO CO AP,Wicomico,MD,Maryland,Mixed-Humid,4A
724050,WASHINGTON DC REAGAN AP,District of Columbia,DC,District of Columbia,Mixed-Humid,4A
724053,WINCHESTER RGNL,Frederick,VA,Virginia,Mixed-Humid,4A
724055,LEESBURG/GODFREY,Loudoun,VA,Virginia,Mixed-Humid,4A
724056,MARION / WYTHEVILLE,Smyth,VA,Virginia,Mixed-Humid,4A
724058,ABINGTON,Washington,VA,Virginia,Mixed-Humid,4A
724060,BALTIMORE BLT-WASHNGTN INT'L,Anne Arundel,MD,Maryland,Mixed-Humid,4A
724066,HAGERSTOWN RGNL RIC,Washington,MD,Maryland,Mixed-Humid,4A
724070,ATLANTIC CITY INTL AP,Atlantic,NJ,New Jersey,Mixed-Humid,4A
724075,MILLVILLE MUNICIPAL AP,Cumberland,NJ,New Jersey,Mixed-Humid,4A
724080,PHILADELPHIA INTERNATIONAL AP,Delaware,PA,Pennsylvania,Mixed-Humid,4A
724084,BELMAR-FARMINGDALE,Monmouth,NJ,New Jersey,Mixed-Humid,4A
724085,PHILADELPHIA NE PHILADELPHIA,Philadelphia,PA,Pennsylvania,Mixed-Humid,4A
724086,WILLOW GROVE NAS,Montgomery,PA,Pennsylvania,Mixed-Humid,4A
724088,DOVER AFB,Kent,DE,Delaware,Mixed-Humid,4A
724089,WILMINGTON NEW CASTLE CNTY AP,New Castle,DE,Delaware,Mixed-Humid,4A
724094,CALDWELL/ESSEX CO.,Essex,NJ,New Jersey,Mixed-Humid,4A
724095,TRENTON MERCER COUNTY AP,Mercer,NJ,New Jersey,Cold,5A
724096,MCGUIRE AFB,Burlington,NJ,New Jersey,Mixed-Humid,4A
724100,LYNCHBURG REGIONAL ARPT,Lynchburg,VA,Virginia,Mixed-Humid,4A
724105,STAUNTON/SHENANDOAH,Augusta,VA,Virginia,Mixed-Humid,4A
724106,DANVILLE FAA AP,Danville,VA,Virginia,Mixed-Humid,4A
724107,HILLSVILLE,Carroll,VA,Virginia,Mixed-Humid,4A
724110,ROANOKE REGIONAL AP,Roanoke City,VA,Virginia,Mixed-Humid,4A
724113,VIRGINIA TECH ARPT,Montgomery,VA,Virginia,Mixed-Humid,4A
724115,HOT SPRINGS/INGALLS,Bath,VA,Virginia,Mixed-Humid,4A
724116,PULASKI,Pulaski,VA,Virginia,Mixed-Humid,4A
724117,WISE/LONESOME PINE,Wise,VA,Virginia,Mixed-Humid,4A
724120,BECKLEY RALEIGH CO MEM AP,Raleigh,WV,West Virginia,Cold,5A
724125,BLUEFIELD/MERCER CO,Mercer,WV,West Virginia,Mixed-Humid,4A
724127,LEWISBURG/GREENBRIE,Greenbrier,WV,West Virginia,Cold,5A
724140,CHARLESTON YEAGER ARPT,Kanawha,WV,West Virginia,Mixed-Humid,4A
724170,ELKINS ELKINS-RANDOLPH CO ARP,Randolph,WV,West Virginia,Cold,5A
724175,HARRISON MARION RGN,Harrison,WV,West Virginia,Cold,5A
724176,MORGANTOWN HART FIELD,Monongalia,WV,West Virginia,Cold,5A
724177,MARTINSBURG EASTERN WV REG AP,Berkeley,WV,West Virginia,Mixed-Humid,4A
724210,CINCINNATI NORTHERN KY AP,Boone,KY,Kentucky,Mixed-Humid,4A
724220,LEXINGTON BLUEGRASS AP,Fayette,KY,Kentucky,Mixed-Humid,4A
724230,LOUISVILLE STANDIFORD FIELD,Jefferson,KY,Kentucky,Mixed-Humid,4A
724235,LOUISVILLE BOWMAN FIELD,Jefferson,KY,Kentucky,Mixed-Humid,4A
724236,JACKSON JULIAN CARROLL AP,Breathitt,KY,Kentucky,Mixed-Humid,4A
724238,HENDERSON CITY,Henderson,KY,Kentucky,Mixed-Humid,4A
724240,FORT KNOX/GODMAN,Hardin,KY,Kentucky,Mixed-Humid,4A
724243,LONDON-CORBIN AP,Laurel,KY,Kentucky,Mixed-Humid,4A
724250,HUNTINGTON TRI-STATE ARPT,Wayne,WV,West Virginia,Mixed-Humid,4A
724273,PARKERSBURG WOOD COUNTY AP,Wood,WV,West Virginia,Mixed-Humid,4A
724275,WHEELING OHIO COUNTY AP,Brooke,WV,West Virginia,Cold,5A
724280,COLUMBUS PORT COLUMBUS INTL A,Franklin,OH,Ohio,Cold,5A
724286,ZANESVILLE MUNICIPAL AP,Muskingum,OH,Ohio,Cold,5A
724288,OHIO STATE UNIVERSI,Franklin,OH,Ohio,Cold,5A
724290,DAYTON INTERNATIONAL AIRPORT,Montgomery,OH,Ohio,Cold,5A
724297,CINCINNATI MUNICIPAL AP LUNKI,Hamilton,OH,Ohio,Mixed-Humid,4A
724320,EVANSVILLE REGIONAL AP,Vanderburgh,IN,Indiana,Mixed-Humid,4A
724335,MOUNT VERNON (AWOS),Jefferson,IL,Illinois,Mixed-Humid,4A
724336,SOUTHERN ILLINOIS,Jackson,IL,Illinois,Mixed-Humid,4A
724338,SCOTT AFB/BELLEVILL,St. Clair,IL,Illinois,Mixed-Humid,4A
724339,MARION REGIONAL,Williamson,IL,Illinois,Mixed-Humid,4A
724340,ST LOUIS LAMBERT INT'L ARPT,St. Louis,MO,Missouri,Mixed-Humid,4A
724345,ST LOUIS SPIRIT OF ST LOUIS A,St. Louis,MO,Missouri,Mixed-Humid,4A
724350,PADUCAH BARKLEY REGIONAL AP,McCracken,KY,Kentucky,Mixed-Humid,4A
724354,SOMERSET(AWOS),Fayette,KY,Kentucky,Mixed-Humid,4A
724365,HUNTINGBURG,Dubois,IN,Indiana,Mixed-Humid,4A
724373,TERRE HAUTE/HULMAN,Vigo,IN,Indiana,Cold,5A
724375,MONROE CO,Monroe,IN,Indiana,Mixed-Humid,4A
724380,INDIANAPOLIS INTL AP,Marion,IN,Indiana,Cold,5A
724386,LAFAYETTE PURDUE UNIV AP,Tippecanoe,IN,Indiana,Cold,5A
724390,SPRINGFIELD CAPITAL AP,Sangamon,IL,Illinois,Cold,5A
724396,QUINCY MUNI BALDWIN FLD,Adams,IL,Illinois,Cold,5A
724397,CENTRAL ILLINOIS RG,McLean,IL,Illinois,Cold,5A
724400,SPRINGFIELD REGIONAL ARPT,Greene,MO,Missouri,Mixed-Humid,4A
724450,COLUMBIA REGIONAL AIRPORT,Boone,MO,Missouri,Mixed-Humid,4A
724454,FARMINGTON,St. Francois,MO,Missouri,Mixed-Humid,4A
724455,KIRKSVILLE REGIONAL AP,Adair,MO,Missouri,Cold,5A
724456,VICHY ROLLA NATL ARPT,Maries,MO,Missouri,Mixed-Humid,4A
724457,FT LNRD WD AAF,Pulaski,MO,Missouri,Mixed-Humid,4A
724458,JEFFERSON CITY MEM,Callaway,MO,Missouri,Mixed-Humid,4A
724459,KAISER MEM (AWOS),Miller,MO,Missouri,Mixed-Humid,4A
724460,KANSAS CITY INT'L ARPT,Platte,MO,Missouri,Mixed-Humid,4A
724463,KANSAS CITY DOWNTOWN AP,Clay,MO,Missouri,Mixed-Humid,4A
724467,WHITEMAN AFB,Johnson,MO,Missouri,Mixed-Humid,4A
724468,OLATHE/JOHNSON CO.,Johnson,KS,Kansas,Mixed-Humid,4A
724475,OLATHE JOHNSON CO INDUSTRIAL,Johnson,KS,Kansas,Mixed-Humid,4A
724490,ST JOSEPH ROSECRANS MEMORIAL,Buchanan,MO,Missouri,Cold,5A
724500,WICHITA MID-CONTINENT AP,Sedgwick,KS,Kansas,Mixed-Humid,4A
724504,WICHITA/COL. JABARA,Sedgwick,KS,Kansas,Mixed-Humid,4A
724505,MCCONNELL AFB,Sedgwick,KS,Kansas,Mixed-Humid,4A
724506,HUTCHINSON MUNICIPAL AP,Reno,KS,Kansas,Mixed-Humid,4A
724507,CHANUTE MARTIN JOHNSON AP,Neosho,KS,Kansas,Mixed-Humid,4A
724509,NEWTON (AWOS),Harvey,KS,Kansas,Mixed-Humid,4A
724510,DODGE CITY REGIONAL AP,Ford,KS,Kansas,Mixed-Humid,4A
724515,GARDEN CITY MUNICIPAL AP,Finney,KS,Kansas,Mixed-Humid,4A
724516,LIBERAL MUNI,Seward,KS,Kansas,Mixed-Humid,4A
724517,GREAT BEND (AWOS),Barton,KS,Kansas,Mixed-Humid,4A
724518,HAYS MUNI (AWOS),Ellis,KS,Kansas,Cold,5A
724550,FT RILEY/MARSHALL A,Geary,KS,Kansas,Mixed-Humid,4A
724555,MANHATTAN RGNL,Riley,KS,Kansas,Mixed-Humid,4A
724556,EMPORIA MUNICIPAL AP,Lyon,KS,Kansas,Mixed-Humid,4A
724560,TOPEKA MUNICIPAL AP,Shawnee,KS,Kansas,Mixed-Humid,4A
724565,TOPEKA FORBES FIELD,Shawnee,KS,Kansas,Mixed-Humid,4A
724580,CONCORDIA BLOSSER MUNI AP,Cloud,KS,Kansas,Cold,5A
724585,RUSSELL MUNICIPAL AP,Russell,KS,Kansas,Mixed-Humid,4A
724586,SALINA MUNICIPAL AP,Saline,KS,Kansas,Mixed-Humid,4A
724620,ALAMOSA SAN LUIS VALLEY RGNL,Alamosa,CO,Colorado,Cold,6B
724625,DURANGO/LA PLATA CO,La Plata,CO,Colorado,Cold,5B
724635,LA JUNTA MUNICIPAL AP,Otero,CO,Colorado,Mixed-Dry,4B
724636,LAMAR MUNICIPAL,Prowers,CO,Colorado,Cold,5B
724640,PUEBLO MEMORIAL AP,Pueblo,CO,Colorado,Cold,5B
724645,TRINIDAD LAS ANIMAS COUNTY AP,Las Animas,CO,Colorado,Mixed-Dry,4B
724650,GOODLAND RENNER FIELD,Sherman,KS,Kansas,Cold,5A
724655,HILL CITY MUNICIPAL AP,Graham,KS,Kansas,Cold,5A
724660,COLORADO SPRINGS MUNI AP,El Paso,CO,Colorado,Cold,5B
724665,LIMON,Elbert,CO,Colorado,Cold,5B
724666,DENVER/CENTENNIAL,Arapahoe,CO,Colorado,Cold,5B
724673,LEADVILLE/LAKE CO.,Lake,CO,Colorado,Very Cold,7
724675,EAGLE COUNTY AP,Eagle,CO,Colorado,Cold,6B
724676,ASPEN PITKIN CO SAR,Pitkin,CO,Colorado,Very Cold,7
724677,GUNNISON CO. (AWOS),Gunnison,CO,Colorado,Very Cold,7
724695,BUCKLEY ANGB/DENVER,Arapahoe,CO,Colorado,Cold,5B
724698,AKRON WASHINGTON CO AP,Washington,CO,Colorado,Cold,5B
724699,BROOMFIELD/JEFFCO [BOULDER - SURFRAD],Boulder,CO,Colorado,Cold,5B
724723,BLANDING,San Juan,UT,Utah,Cold,5B
724735,HANKSVILLE,Wayne,UT,Utah,Cold,5B
724754,SAINT GEORGE (AWOS),Washington,UT,Utah,Hot-Dry,3B
724755,CEDAR CITY MUNICIPAL AP,Iron,UT,Utah,Cold,5B
724756,BRYCE CNYN FAA AP,Garfield,UT,Utah,Cold,5B
724760,GRAND JUNCTION WALKER FIELD,Mesa,CO,Colorado,Cold,5B
724765,MONTROSE CO. ARPT,Montrose,CO,Colorado,Cold,5B
724767,CORTEZ/MONTEZUMA CO,Montezuma,CO,Colorado,Cold,5B
724768,GREELEY/WELD (AWOS),Weld,CO,Colorado,Cold,5B
724769,FORT COLLINS (AWOS),Larimer,CO,Colorado,Cold,5B
724776,MOAB/CANYONLANDS [UO],Grand,UT,Utah,Cold,5B
724795,DELTA,Millard,UT,Utah,Cold,5B
724800,BISHOP AIRPORT,Inyo,CA,California,Mixed-Dry,4B
724815,MERCED/MACREADY FLD,Merced,CA,California,Hot-Dry,3B
724830,SACRAMENTO EXECUTIVE ARPT,Sacramento,CA,California,Hot-Dry,3B
724837,BEALE AFB/MARYSVILE,Yuba,CA,California,Hot-Dry,3B
724838,YUBA CO,Yuba,CA,California,Hot-Dry,3B
724839,SACRAMENTO METROPOLITAN AP,Sacramento,CA,California,Hot-Dry,3B
724855,TONOPAH AIRPORT,Nye,NV,Nevada,Cold,5B
724860,ELY YELLAND FIELD,White Pine,NV,Nevada,Cold,5B
724880,RENO TAHOE INTERNATIONAL AP,Washoe,NV,Nevada,Cold,5B
724885,FALLON NAAS,Churchill,NV,Nevada,Cold,5B
724915,MONTEREY PENINSULA,Monterey,CA,California,Marine,3C
724917,SALINAS MUNICIPAL AP,Monterey,CA,California,Marine,3C
724920,STOCKTON METROPOLITAN ARPT,San Joaquin,CA,California,Hot-Dry,3B
724926,MODESTO CITY-COUNTY AP,Stanislaus,CA,California,Hot-Dry,3B
724927,LIVERMORE MUNICIPAL,Alameda,CA,California,Marine,3C
724930,OAKLAND METROPOLITAN ARPT,Alameda,CA,California,Marine,3C
724935,HAYWARD AIR TERM,Alameda,CA,California,Marine,3C
724936,CONCORD CONCORD-BUCHANAN FIEL,Contra Costa,CA,California,Hot-Dry,3B
724940,SAN FRANCISCO INTL AP,San Mateo,CA,California,Marine,3C
724945,SAN JOSE INTL AP,Santa Clara,CA,California,Marine,3C
724955,NAPA CO. AIRPORT,Napa,CA,California,Marine,3C
724957,SANTA ROSA (AWOS),Sonoma,CA,California,Marine,3C
725020,NEWARK INTERNATIONAL ARPT,Essex,NJ,New Jersey,Mixed-Humid,4A
725025,TETERBORO AIRPORT,Bergen,NJ,New Jersey,Cold,5A
725029,OXFORD (AWOS),New Haven,CT,Connecticut,Cold,5A
725030,NEW YORK LAGUARDIA ARPT,Queens,NY,New York,Mixed-Humid,4A
725033,NEW YORK CENTRAL PRK OBS BELV,New York,NY,New York,Mixed-Humid,4A
725035,ISLIP LONG ISL MACARTHUR AP,Suffolk,NY,New York,Mixed-Humid,4A
725036,POUGHKEEPSIE DUTCHESS CO AP,Dutchess,NY,New York,Cold,5A
725037,WHITE PLAINS WESTCHESTER CO A,Westchester,NY,New York,Mixed-Humid,4A
725038,NEWBURGH/STEWART,Orange,NY,New York,Cold,5A
725040,BRIDGEPORT SIKORSKY MEMORIAL,Fairfield,CT,Connecticut,Cold,5A
725045,NEW HAVEN TWEED AIRPORT,New Haven,CT,Connecticut,Cold,5A
725046,GROTON NEW LONDON AP,New London,CT,Connecticut,Cold,5A
725054,PAWTUCKET (AWOS),Providence,RI,Rhode Island,Cold,5A
725058,BLOCK ISLAND STATE ARPT,Washington,RI,Rhode Island,Cold,5A
725060,OTIS ANGB,Barnstable,MA,Massachusetts,Cold,5A
725063,NANTUCKET MEMORIAL AP,Nantucket,MA,Massachusetts,Cold,5A
725064,PLYMOUTH MUNICIPAL,Plymouth,MA,Massachusetts,Cold,5A
725065,NEW BEDFORD RGNL,Bristol,MA,Massachusetts,Cold,5A
725066,MARTHAS VINEYARD,Dukes,MA,Massachusetts,Cold,5A
725067,BARNSTABLE MUNI BOA,Barnstable,MA,Massachusetts,Cold,5A
725070,PROVIDENCE T F GREEN STATE AR,Kent,RI,Rhode Island,Cold,5A
725073,PROVINCETOWN (AWOS),Barnstable,MA,Massachusetts,Cold,5A
725075,NORTH ADAMS,Berkshire,MA,Massachusetts,Cold,5A
725080,HARTFORD BRADLEY INTL AP,Hartford,CT,Connecticut,Cold,5A
725086,DANBURY MUNICIPAL,Fairfield,CT,Connecticut,Cold,5A
725087,HARTFORD BRAINARD FD,Hartford,CT,Connecticut,Cold,5A
725088,BEVERLY MUNI,Essex,MA,Massachusetts,Cold,5A
725090,BOSTON LOGAN INT'L ARPT,Suffolk,MA,Massachusetts,Cold,5A
725095,WORCHESTER REGIONAL ARPT,Worcester,MA,Massachusetts,Cold,5A
725098,NORWOOD MEMORIAL,Norfolk,MA,Massachusetts,Cold,5A
725103,READING SPAATZ FIELD,Berks,PA,Pennsylvania,Cold,5A
725115,MIDDLETOWN HARRISBURG INTL AP,Dauphin,PA,Pennsylvania,Cold,5A
725116,LANCASTER,Lancaster,PA,Pennsylvania,Cold,5A
725117,WASHINGTON (AWOS),Washington,PA,Pennsylvania,Cold,5A
725118,HARRISBURG CAPITAL CITY ARPT,York,PA,Pennsylvania,Mixed-Humid,4A
725124,BUTLER CO. (AWOS),Butler,PA,Pennsylvania,Cold,5A
725125,DUBOIS FAA AP,Jefferson,PA,Pennsylvania,Cold,5A
725126,ALTOONA BLAIR CO ARPT,Blair,PA,Pennsylvania,Cold,5A
725127,JOHNSTOWN CAMBRIA COUNTY AP,Cambria,PA,Pennsylvania,Cold,5A
725128,STATE COLLEGE [PENN STATE - SURFRAD],Centre,PA,Pennsylvania,Cold,5A
725130,WILKES-BARRE SCRANTON INTL AP,Luzerne,PA,Pennsylvania,Cold,5A
725140,WILLIAMSPORT REGIONAL AP,Lycoming,PA,Pennsylvania,Cold,5A
725145,MONTICELLO(AWOS),Sullivan,NY,New York,Cold,6A
725150,BINGHAMTON EDWIN A LINK FIELD,Broome,NY,New York,Cold,6A
725156,ELMIRA CORNING REGIONAL AP,Chemung,NY,New York,Cold,5A
725165,RUTLAND STATE,Rutland,VT,Vermont,Cold,6A
725170,ALLENTOWN LEHIGH VALLEY INTL,Lehigh,PA,Pennsylvania,Cold,5A
725180,ALBANY COUNTY AP,Albany,NY,New York,Cold,5A
725185,GLENS FALLS AP,Warren,NY,New York,Cold,6A
725190,SYRACUSE HANCOCK INT'L ARPT,Onondaga,NY,New York,Cold,5A
725197,UTICA ONEIDA COUNTY AP,Sullivan,NY,New Hampshire,Cold,6A
725200,PITTSBURGH INTERNATIONAL AP,Allegheny,PA,Pennsylvania,Cold,5A
725205,PITTSBURGH ALLEGHENY CO AP,Allegheny,PA,Pennsylvania,Cold,5A
725210,AKRON AKRON-CANTON REG AP,Summit,OH,Ohio,Cold,5A
725235,JAMESTOWN (AWOS),Chautauqua,NY,New York,Cold,5A
725240,CLEVELAND HOPKINS INTL AP,Cuyahoga,OH,Ohio,Cold,5A
725245,BURKE LAKEFRONT,Cuyahoga,OH,Ohio,Cold,5A
725246,MANSFIELD LAHM MUNICIPAL ARPT,Richland,OH,Ohio,Cold,5A
725250,YOUNGSTOWN REGIONAL AIRPORT,Trumbull,OH,Ohio,Cold,5A
725260,ERIE INTERNATIONAL AP,Erie,PA,Pennsylvania,Cold,5A
725266,BRADFORD REGIONAL AP,McKean,PA,Pennsylvania,Cold,6A
725267,FRANKLIN,Venango,PA,Pennsylvania,Cold,5A
725280,BUFFALO NIAGARA INTL AP,Erie,NY,New York,Cold,5A
725287,NIAGARA FALLS AF,Niagara,NY,New York,Cold,5A
725290,ROCHESTER GREATER ROCHESTER I,Monroe,NY,New York,Cold,5A
725300,CHICAGO OHARE INTL AP,Cook,IL,Illinois,Cold,5A
725305,W. CHICAGO/DU PAGE,DuPage,IL,Illinois,Cold,5A
725314,CAHOKIA/ST. LOUIS,St. Clair,IL,Illinois,Mixed-Humid,4A
725315,UNIV OF ILLINOIS WI,Champaign,IL,Illinois,Cold,5A
725316,DECATUR,Macon,IL,Illinois,Cold,5A
725320,PEORIA GREATER PEORIA AP,Peoria,IL,Illinois,Cold,5A
725326,STERLING ROCKFALLS,Whiteside,IL,Illinois,Cold,5A
725330,FORT WAYNE INTL AP,Allen,IN,Indiana,Cold,5A
725335,GRISSOM ARB,Miami,IN,Indiana,Cold,5A
725336,DELAWARE CO JOHNSON,Delaware,IN,Indiana,Cold,5A
725340,CHICAGO MIDWAY AP,Cook,IL,Illinois,Cold,5A
725347,CHICAGO/WAUKEGAN,Lake,IL,Illinois,Cold,5A
725350,SOUTH BEND MICHIANA RGNL AP,St. Joseph,IN,Indiana,Cold,5A
725360,TOLEDO EXPRESS AIRPORT,Lucas,OH,Ohio,Cold,5A
725366,FINDLAY AIRPORT,Hancock,OH,Ohio,Cold,5A
725370,DETROIT METROPOLITAN ARPT,Wayne,MI,Michigan,Cold,5A
725374,ANN ARBOR MUNICIPAL,Washtenaw,MI,Michigan,Cold,5A
725375,DETROIT CITY AIRPORT,Wayne,MI,Michigan,Cold,5A
725376,DETROIT WILLOW RUN AP,Wayne,MI,Michigan,Cold,5A
725377,SELFRIDGE ANGB,Macomb,MI,Michigan,Cold,5A
725378,HOWELL,Livingston,MI,Michigan,Cold,5A
725384,ST.CLAIR COUNTY INT,St. Clair,MI,Michigan,Cold,5A
725390,LANSING CAPITAL CITY ARPT,Clinton,MI,Michigan,Cold,5A
725395,JACKSON REYNOLDS FIELD,Jackson,MI,Michigan,Cold,5A
725396,BATTLE CREEK KELLOGG AP,Calhoun,MI,Michigan,Cold,5A
725430,ROCKFORD GREATER ROCKFORD AP,Winnebago,IL,Illinois,Cold,5A
725440,MOLINE QUAD CITY INTL AP,Rock Island,IL,Illinois,Cold,5A
725450,CEDAR RAPIDS MUNICIPAL AP,Linn,IA,Iowa,Cold,5A
725453,ATLANTIC,Cass,IA,Iowa,Cold,5A
725454,WASHINGTON,Washington,IA,Iowa,Cold,5A
725455,BURLINGTON MUNICIPAL AP,Des Moines,IA,Iowa,Cold,5A
725456,KEOKUK MUNI,Lee,IA,Iowa,Cold,5A
725457,ALGONA,Kossuth,IA,Iowa,Cold,6A
725460,DES MOINES INTL AP,Polk,IA,Iowa,Cold,5A
725463,CHARLES CITY,Floyd,IA,Iowa,Cold,6A
725464,NEWTON MUNI,Jasper,IA,Iowa,Cold,5A
725465,OTTUMWA INDUSTRIAL AP,Wapello,IA,Iowa,Cold,5A
725467,SHENANDOAH MUNI,Fremont,IA,Iowa,Cold,5A
725468,CARROLL,Carroll,IA,Iowa,Cold,5A
725469,CHARITON,Lucas,IA,Iowa,Cold,5A
725470,DUBUQUE REGIONAL AP,Dubuque,IA,Iowa,Cold,5A
725473,CLINTON MUNI (AWOS),Clinton,IA,Iowa,Cold,5A
725474,CRESTON,Union,IA,Iowa,Cold,5A
725475,MONTICELLO MUNI,Jones,IA,Iowa,Cold,5A
725476,DECORAH,Winneshiek,IA,Iowa,Cold,6A
725477,DENISON,Crawford,IA,Iowa,Cold,5A
725478,WEBSTER CITY,Hamilton,IA,Iowa,Cold,6A
725479,CLARINDA,Page,IA,Iowa,Cold,5A
725480,WATERLOO MUNICIPAL AP,Black Hawk,IA,Iowa,Cold,6A
725483,FORT MADISON,Lee,IA,Iowa,Cold,5A
725484,LE MARS,Plymouth,IA,Iowa,Cold,6A
725485,MASON CITY MUNICIPAL ARPT,Cerro Gordo,IA,Iowa,Cold,6A
725486,BOONE MUNI,Boone,IA,Iowa,Cold,5A
725487,MUSCATINE,Muscatine,IA,Iowa,Cold,5A
725488,OELWEN,Fayette,IA,Iowa,Cold,6A
725489,ORANGE CITY,Sioux,IA,Iowa,Cold,6A
725490,FORT DODGE (AWOS),Webster,IA,Iowa,Cold,6A
725493,KNOXVILLE,Marion,IA,Iowa,Cold,5A
725494,RED OAK,Montgomery,IA,Iowa,Cold,5A
725495,SHELDON,O'Brien,IA,Iowa,Cold,6A
725496,STORM LAKE,Buena Vista,IA,Iowa,Cold,6A
725497,COUNCIL BLUFFS,Pottawattamie,IA,Iowa,Cold,5A
725500,OMAHA EPPLEY AIRFIELD,Douglas,NE,Nebraska,Cold,5A
725510,LINCOLN MUNICIPAL ARPT,Lancaster,NE,Nebraska,Cold,5A
725515,BEATRICE MUNICIPAL,Gage,NE,Nebraska,Cold,5A
725520,GRAND ISLAND CENTRAL NE REGIO,Hall,NE,Nebraska,Cold,5A
725524,ORD/SHARP FIELD,Valley,NE,Nebraska,Cold,5A
725525,HASTINGS MUNICIPAL,Adams,NE,Nebraska,Cold,5A
725526,KEARNEY MUNI (AWOS),Buffalo,NE,Nebraska,Cold,5A
725527,TEKAMAH (ASOS),Burt,NE,Nebraska,Cold,5A
725530,OMAHA WSFO,Douglas,NE,Nebraska,Cold,5A
725533,FALLS CITY/BRENNER,Richardson,NE,Nebraska,Cold,5A
725540,OFFUTT AFB/BELLEVUE,Sarpy,NE,Nebraska,Cold,5A
725555,BROKEN BOW MUNI,Custer,NE,Nebraska,Cold,5A
725556,AINSWORTH MUNICIPAL,Brown,NE,Nebraska,Cold,5A
725560,NORFOLK KARL STEFAN MEM ARPT,Madison,NE,Nebraska,Cold,5A
725564,FREMONT MUNI ARPT,Dodge,NE,Nebraska,Cold,5A
725565,COLUMBUS MUNI,Platte,NE,Nebraska,Cold,5A
725566,O`NEILL/BAKER FIELD,Holt,NE,Nebraska,Cold,5A
725570,SIOUX CITY SIOUX GATEWAY AP,Woodbury,IA,Iowa,Cold,5A
725610,SIDNEY MUNICIPAL AP,Cheyenne,NE,Nebraska,Cold,5A
725620,NORTH PLATTE REGIONAL AP,Lincoln,NE,Nebraska,Cold,5A
725625,MCCOOK MUNICIPAL,Red Willow,NE,Nebraska,Cold,5A
725626,IMPERIAL FAA AP,Chase,NE,Nebraska,Cold,5A
725628,BREWSTER FIELD ARPT,Phelps,NE,Nebraska,Cold,5A
725635,ALLIANCE MUNICIPAL,Box Butte,NE,Nebraska,Cold,5A
725636,CHADRON MUNICIPAL AP,Dawes,NE,Nebraska,Cold,5A
725640,CHEYENNE MUNICIPAL ARPT,Laramie,WY,Wyoming,Cold,6B
725645,LARAMIE GENERAL BREES FIELD,Albany,WY,Wyoming,Cold,6B
725650,DENVER INTL AP,Denver,CO,Colorado,Cold,5B
725660,SCOTTSBLUFF W B HEILIG FIELD,Scotts Bluff,NE,Nebraska,Cold,5A
725670,VALENTINE MILLER FIELD,Cherry,NE,Nebraska,Cold,5A
725690,CASPER NATRONA CO INTL AP,Natrona,WY,Wyoming,Cold,6B
725700,CRAIG-MOFFAT,Moffat,CO,Colorado,Cold,6B
725705,VERNAL,Uintah,UT,Utah,Cold,6B
725715,HAYDEN/YAMPA (AWOS),Routt,CO,Colorado,Very Cold,7
725717,RIFLE/GARFIELD RGNL,Garfield,CO,Colorado,Cold,5B
725720,SALT LAKE CITY INT'L ARPT,Salt Lake,UT,Utah,Cold,5B
725724,PROVO MUNI (AWOS),Utah,UT,Utah,Cold,5B
725744,ROCK SPRINGS ARPT,Sweetwater,WY,Wyoming,Cold,6B
725745,RAWLINS MUNICIPAL AP,Carbon,WY,Wyoming,Cold,6B
725750,OGDEN HINKLEY AIRPORT,Weber,UT,Utah,Cold,5B
725755,HILL AFB/OGDEN,Davis,UT,Utah,Cold,5B
725760,LANDER HUNT FIELD,Fremont,WY,Wyoming,Cold,6B
725765,RIVERTON MUNICIPL AP,Fremont,WY,Wyoming,Cold,6B
725775,EVANSTON/BURNS FLD,Uinta,WY,Wyoming,Cold,6B
725776,JACKSON HOLE,Teton,WY,Wyoming,Very Cold,7
725780,POCATELLO REGIONAL AP,Power,ID,Idaho,Cold,5B
725785,IDAHO FALLS FANNING FIELD,Bonneville,ID,Idaho,Cold,6B
725786,MALAD CITY,Oneida,ID,Idaho,Cold,6B
725805,LOVELOCK DERBY FIELD,Pershing,NV,Nevada,Cold,5B
725810,WENDOVER USAF AUXILIARY FIELD,Tooele,UT,Utah,Cold,5B
725825,ELKO MUNICIPAL ARPT,Elko,NV,Nevada,Cold,5B
725830,WINNEMUCCA MUNICIPAL ARPT,Humboldt,NV,Nevada,Cold,5B
725845,BLUE CANYON AP,Placer,CA,California,Hot-Dry,3B
725846,TRUCKEE-TAHOE,Nevada,CA,California,Cold,5B
725847,SOUTH LAKE TAHOE,El Dorado,CA,California,Mixed-Dry,4B
725865,HAILEY/FRIEDMAN MEM,Blaine,ID,Idaho,Cold,6B
725866,JOSLIN FLD MAGIC VA,Twin Falls,ID,Idaho,Cold,5B
725867,BURLEY MUNICIPAL ARPT,Cassia,ID,Idaho,Cold,5B
725868,SODA SPRINGS/TIGERT,Caribou,ID,Idaho,Cold,6B
725895,KLAMATH FALLS INTL AP,Klamath,OR,Oregon,Cold,5B
725905,UKIAH MUNICIPAL AP,Mendocino,CA,California,Marine,3C
725910,RED BLUFF MUNICIPAL ARPT,Tehama,CA,California,Hot-Dry,3B
725920,REDDING MUNICIPAL ARPT,Shasta,CA,California,Hot-Dry,3B
725945,ARCATA AIRPORT,Humboldt,CA,California,Marine,4C
725946,CRESCENT CITY FAA AI,Del Norte,CA,California,Marine,4C
725955,MONTAGUE SISKIYOU COUNTY AP,Siskiyou,CA,California,Cold,5B
725958,ALTURAS,Modoc,CA,California,Cold,5B
725970,MEDFORD ROGUE VALLEY INTL AP,Jackson,OR,Oregon,Marine,4C
725975,SEXTON SUMMIT,Josephine,OR,Oregon,Marine,4C
725976,LAKEVIEW (AWOS),Lake,OR,Oregon,Cold,5B
726050,CONCORD MUNICIPAL ARPT,Merrimack,NH,New Hampshire,Cold,6A
726055,PEASE INTL TRADEPOR,Rockingham,NH,New Hampshire,Cold,5A
726060,PORTLAND INTL JETPORT,Cumberland,ME,Maine,Cold,6A
726064,SANFORD MUNI (AWOS),York,ME,Maine,Cold,6A
726073,WATERVILLE (AWOS),Kennebec,ME,Maine,Cold,6A
726077,BAR HARBOR (AWOS),Hancock,ME,Maine,Cold,6A
726079,ROCKLAND/KNOX(AWOS),Knox,ME,Maine,Cold,6A
726083,NORTHERN AROOSTOOK,Aroostook,ME,Maine,Very Cold,7
726088,BANGOR INTERNATIONAL AP,Penobscot,ME,Maine,Cold,6A
726115,SPRINGFIELD/HARTNES,Windsor,VT,Vermont,Cold,6A
726116,LEBANON MUNICIPAL,Grafton,NH,New Hampshire,Cold,6A
726130,MOUNT WASHINGTON,Coos,NH,New Hampshire,Cold,6A
726145,MONTPELIER AP,Washington,VT,Vermont,Cold,6A
726155,LACONIA MUNI (AWOS),Belknap,NH,New Hampshire,Cold,6A
726160,BERLIN MUNICIPAL,Coos,NH,New Hampshire,Cold,6A
726165,DILLANT HOPKINS,Cheshire,NH,New Hampshire,Cold,5A
726170,BURLINGTON INTERNATIONAL AP,Chittenden,VT,Vermont,Cold,6A
726184,AUBURN-LEWISTON,Androscoggin,ME,Maine,Cold,6A
726185,AUGUSTA AIRPORT,Kennebec,ME,Maine,Cold,6A
726196,MILLINOCKET MUNICIPAL AP,Penobscot,ME,Maine,Cold,6A
726223,MASSENA AP,St. Lawrence,NY,New York,Cold,6A
726227,WATERTOWN AP,Jefferson,NY,New York,Cold,6A
726228,ADIRONDACK RGNL,Franklin,NY,New York,Cold,6A
726350,GRAND RAPIDS KENT COUNTY INT',Kent,MI,Michigan,Cold,5A
726355,BENTON HARBOR/ROSS,Berrien,MI,Michigan,Cold,5A
726357,KALAMAZOO BATTLE CR,Kalamazoo,MI,Michigan,Cold,5A
726360,MUSKEGON COUNTY ARPT,Muskegon,MI,Michigan,Cold,5A
726370,FLINT BISHOP INTL ARPT,Genesee,MI,Michigan,Cold,5A
726375,OAKLAND CO INTL,Oakland,MI,Michigan,Cold,5A
726379,SAGINAW TRI CITY INTL AP,Saginaw,MI,Michigan,Cold,5A
726380,HOUGHTON LAKE ROSCOMMON CO AR,Roscommon,MI,Michigan,Cold,6A
726384,CADILLAC WEXFORD CO AP,Wexford,MI,Michigan,Cold,6A
726385,MANISTEE (AWOS),Manistee,MI,Michigan,Cold,6A
726387,TRAVERSE CITY CHERRY CAPITAL,Grand Traverse,MI,Michigan,Cold,6A
726390,ALPENA COUNTY REGIONAL AP,Alpena,MI,Michigan,Cold,6A
726395,OSCODA WURTSMITH AFB,Iosco,MI,Michigan,Cold,6A
726400,MILWAUKEE MITCHELL INTL AP,Milwaukee,WI,Wisconsin,Cold,6A
726404,MINOCQUA/WOODRUFF,Vilas,WI,Wisconsin,Very Cold,7
726410,MADISON DANE CO REGIONAL ARPT,Dane,WI,Wisconsin,Cold,6A
726415,JANESVILLE/ROCK CO.,Rock,WI,Wisconsin,Cold,6A
726416,LONE ROCK FAA AP,Sauk,WI,Wisconsin,Cold,6A
726430,LA CROSSE MUNICIPAL ARPT,La Crosse,WI,Wisconsin,Cold,6A
726435,EAU CLAIRE COUNTY AP,Chippewa,WI,Wisconsin,Cold,6A
726440,ROCHESTER INTERNATIONAL ARPT,Olmsted,MN,Minnesota,Cold,6A
726450,GREEN BAY AUSTIN STRAUBEL INT,Brown,WI,Wisconsin,Cold,6A
726455,MANITOWAC MUNI AWOS,Manitowoc,WI,Wisconsin,Cold,6A
726456,WITTMAN RGNL,Winnebago,WI,Wisconsin,Cold,6A
726457,APPLETON/OUTAGAMIE,Outagamie,WI,Wisconsin,Cold,6A
726458,STURGEON BAY,Door,WI,Wisconsin,Cold,6A
726463,WAUSAU MUNICIPAL ARPT,Marathon,WI,Wisconsin,Cold,6A
726464,WATERTOWN,Jefferson,WI,Wisconsin,Cold,6A
726465,MOSINEE/CENTRAL WI,Marathon,WI,Wisconsin,Cold,6A
726467,RICE LAKE MUNICIPAL,Barron,WI,Wisconsin,Cold,6A
726468,PHILLIPS/PRICE CO.,Price,WI,Wisconsin,Very Cold,7
726480,ESCANABA (AWOS),Delta,MI,Michigan,Cold,6A
726487,MENOMINEE (AWOS),Menominee,MI,Michigan,Cold,6A
726498,FAIR FIELD,Jefferson,IA,Iowa,Cold,5A
726499,ESTHERVILLE MUNI,Emmet,IA,Iowa,Cold,6A
726500,SPENCER,Clay,IA,Iowa,Cold,6A
726510,SIOUX FALLS FOSS FIELD,Minnehaha,SD,South Dakota,Cold,6A
726515,BROOKINGS (AWOS),Brookings,SD,South Dakota,Cold,6A
726525,CHAN GURNEY MUNI,Yankton,SD,South Dakota,Cold,5A
726540,HURON REGIONAL ARPT,Beadle,SD,South Dakota,Cold,6A
726544,ORR,St. Louis,MN,Minnesota,Very Cold,7
726545,MITCHELL (AWOS),Davison,SD,South Dakota,Cold,6A
726546,WATERTOWN MUNICIPAL AP,Codington,SD,South Dakota,Cold,6A
726547,GLENWOOD (ASOS),Pope,MN,Minnesota,Cold,6A
726550,ST CLOUD REGIONAL ARPT,Sherburne,MN,Minnesota,Cold,6A
726555,BRAINERD/WIELAND,Crow Wing,MN,Minnesota,Very Cold,7
726556,REDWOOD FALLS MUNI,Redwood,MN,Minnesota,Cold,6A
726557,ALEXANDRIA MUNICIPAL AP,Douglas,MN,Minnesota,Cold,6A
726558,CLOQUET (AWOS),Carlton,MN,Minnesota,Very Cold,7
726559,MARSHALL/RYAN(AWOS),Lyon,MN,Minnesota,Cold,6A
726560,FERGUS FALLS(AWOS),Otter Tail,MN,Minnesota,Very Cold,7
726563,FARIBAULT MUNI AWOS,Rice,MN,Minnesota,Cold,6A
726564,RED WING,Goodhue,MN,Minnesota,Cold,6A
726565,MORRIS MUNI (AWOS),Stevens,MN,Minnesota,Cold,6A
726566,PIPESTONE (AWOS),Pipestone,MN,Minnesota,Cold,6A
726567,NEW ULM MUNI (AWOS),Brown,MN,Minnesota,Cold,6A
726568,OWATONNA (AWOS),Steele,MN,Minnesota,Cold,6A
726569,HUTCHINSON (AWOS),McLeod,MN,Minnesota,Cold,6A
726574,MARSHFIELD MUNI,Wood,WI,Wisconsin,Cold,6A
726575,MINNEAPOLIS/CRYSTAL,Hennepin,MN,Minnesota,Cold,6A
726576,WILLMAR,Kandiyohi,MN,Minnesota,Cold,6A
726578,LITTLE FALLS (AWOS),Morrison,MN,Minnesota,Cold,6A
726579,FLYING CLOUD,Hennepin,MN,Minnesota,Cold,6A
726580,MINNEAPOLIS-ST PAUL INT'L ARP,Hennepin,MN,Minnesota,Cold,6A
726583,LITCHFIELD MUNI,Meeker,MN,Minnesota,Cold,6A
726584,ST PAUL DOWNTOWN AP,Ramsey,MN,Minnesota,Cold,6A
726585,MANKATO(AWOS),Blue Earth,MN,Minnesota,Cold,6A
726586,FAIRMONT MUNI(AWOS),Martin,MN,Minnesota,Cold,6A
726587,WORTHINGTON (AWOS),Nobles,MN,Minnesota,Cold,6A
726588,WINONA MUNI (AWOS),Winona,MN,Minnesota,Cold,6A
726589,ALBERT LEA (AWOS),Freeborn,MN,Minnesota,Cold,6A
726590,ABERDEEN REGIONAL ARPT,Brown,SD,South Dakota,Cold,6A
726603,SOUTH ST PAUL MUNI,Dakota,MN,Minnesota,Cold,6A
726620,RAPID CITY REGIONAL ARPT,Pennington,SD,South Dakota,Cold,6A
726625,ELLSWORTH AFB,Meade,SD,South Dakota,Cold,6A
726626,ANTIGO\LANG(AWOS),Door,WI,Wisconsin,Cold,6A
726650,GILLETTE/GILLETTE-C,Campbell,WY,Wyoming,Cold,6B
726660,SHERIDAN COUNTY ARPT,Sheridan,WY,Wyoming,Cold,6B
726665,WORLAND MUNICIPAL,Washakie,WY,Wyoming,Cold,6B
726676,GLENDIVE(AWOS),Dawson,MT,Montana,Cold,6B
726685,MOBRIDGE,Walworth,SD,South Dakota,Cold,6A
726686,PIERRE MUNICIPAL AP,Hughes,SD,South Dakota,Cold,6A
726700,CODY MUNI (AWOS),Park,WY,Wyoming,Cold,6B
726770,BILLINGS LOGAN INT'L ARPT,Yellowstone,MT,Montana,Cold,6B
726776,LEWISTOWN MUNICIPAL ARPT,Fergus,MT,Montana,Cold,6B
726785,BUTTE BERT MOONEY ARPT,Silver Bow,MT,Montana,Cold,6B
726797,BOZEMAN GALLATIN FIELD,Gallatin,MT,Montana,Cold,6B
726798,LIVINGSTON MISSION FIELD,Park,MT,Montana,Cold,6B
726810,BOISE AIR TERMINAL,Ada,ID,Idaho,Cold,5B
726813,CALDWELL (AWOS),Canyon,ID,Idaho,Cold,5B
726815,MOUNTAIN HOME AFB,Elmore,ID,Idaho,Cold,5B
726830,BURNS MUNICIPAL ARPT,Harney,OR,Oregon,Cold,5B
726835,REDMOND ROBERTS FIELD,Deschutes,OR,Oregon,Cold,5B
726865,SALMON/LEMHI (AWOS),Lemhi,ID,Idaho,Cold,6B
726880,PENDLETON E OR REGIONAL AP,Umatilla,OR,Oregon,Cold,5B
726884,LA GRANDE MUNI AP,Union,OR,Oregon,Cold,5B
726886,BAKER MUNICIPAL AP,Baker,OR,Oregon,Cold,5B
726904,ROSEBURG REGIONAL AP,Douglas,OR,Oregon,Marine,4C
726917,NORTH BEND MUNI AIRPORT,Coos,OR,Oregon,Marine,4C
726930,EUGENE MAHLON SWEET ARPT,Lane,OR,Oregon,Marine,4C
726940,SALEM MCNARY FIELD,Marion,OR,Oregon,Marine,4C
726945,CORVALLIS MUNI,Benton,OR,Oregon,Marine,4C
726959,AURORA STATE,Marion,OR,Oregon,Marine,4C
726980,PORTLAND INTERNATIONAL AP,Multnomah,OR,Oregon,Marine,4C
726985,PORTLAND/TROUTDALE,Multnomah,OR,Oregon,Marine,4C
726986,PORTLAND/HILLSBORO,Washington,OR,Oregon,Marine,4C
726988,THE DALLES MUNICIPAL ARPT,Klickitat,WA,Washington,Cold,5B
727033,HOULTON INTL ARPT,Aroostook,ME,Maine,Very Cold,7
727120,CARIBOU MUNICIPAL ARPT,Aroostook,ME,Maine,Very Cold,7
727130,PRESQUE ISLE MUNICIP,Aroostook,ME,Maine,Very Cold,7
727135,WISCASSET,Sagadahoc,ME,Maine,Cold,6A
727340,SAULT STE MARIE SANDERSON FIE,Chippewa,MI,Michigan,Very Cold,7
727344,CHIPPEWA CO INTL,Chippewa,MI,Michigan,Very Cold,7
727347,PELLSTON EMMET COUNTY AP,Emmet,MI,Michigan,Cold,6A
727415,RHINELANDER ONEIDA,Oneida,WI,Wisconsin,Very Cold,7
727437,IRON MOUNTAIN/FORD,Dickinson,MI,Michigan,Cold,6A
727440,HANCOCK HOUGHTON CO AP,Houghton,MI,Michigan,Very Cold,7
727444,TWO HARBORS,Lake,MN,Minnesota,Very Cold,7
727445,IRONWOOD (AWOS),Gogebic,MI,Michigan,Very Cold,7
727450,DULUTH INTERNATIONAL ARPT,St. Louis,MN,Minnesota,Very Cold,7
727452,CROOKSTON MUNI FLD,Polk,MN,Minnesota,Very Cold,7
727453,PARK RAPIDS MUNICIPAL AP,Hubbard,MN,Minnesota,Very Cold,7
727455,HIBBING CHISHOLM-HIBBING AP,St. Louis,MN,Minnesota,Very Cold,7
727457,DETROIT LAKES(AWOS),Becker,MN,Minnesota,Very Cold,7
727458,GRAND RAPIDS(AWOS),Itasca,MN,Minnesota,Very Cold,7
727459,ELY MUNI,St. Louis,MN,Minnesota,Very Cold,7
727470,INTERNATIONAL FALLS INTL AP,Koochiching,MN,Minnesota,Very Cold,7
727473,CRANE LAKE (AWOS),Pine,MN,Minnesota,Very Cold,7
727474,EVELETH MUNI (AWOS),St. Louis,MN,Minnesota,Very Cold,7
727475,MORA MUNI (AWOS),Kanabec,MN,Minnesota,Very Cold,7
727476,BAUDETTE INTERNATIONAL AP,Lake of the Woods,MN,Minnesota,Very Cold,7
727477,ROSEAU MUNI (AWOS),Roseau,MN,Minnesota,Very Cold,7
727478,HALLOCK,Kittson,MN,Minnesota,Very Cold,7
727503,CAMBRIDGE MUNI,Isanti,MN,Minnesota,Cold,6A
727504,AITKIN NDB(AWOS),Aitkin,MN,Minnesota,Very Cold,7
727505,FOSSTON(AWOS),Polk,MN,Minnesota,Very Cold,7
727507,BENSON MUNI,Swift,MN,Minnesota,Cold,6A
727530,FARGO HECTOR INTERNATIONAL AP,Cass,ND,North Dakota,Very Cold,7
727533,WHEATON NDB (AWOS),Traverse,MN,Minnesota,Cold,6A
727535,JAMESTOWN MUNICIPAL ARPT,Stutsman,ND,North Dakota,Very Cold,7
727550,BEMIDJI MUNICIPAL,Beltrami,MN,Minnesota,Very Cold,7
727555,THIEF RIVER(AWOS),Pennington,MN,Minnesota,Very Cold,7
727556,SILVER BAY,Lake,MN,Minnesota,Very Cold,7
727566,AUSTIN MUNI,Mower,MN,Minnesota,Cold,6A
727573,DEVILS LAKE(AWOS),Ramsey,ND,North Dakota,Very Cold,7
727575,GRAND FORKS AFB,Grand Forks,ND,North Dakota,Very Cold,7
727576,GRAND FORKS INTERNATIONAL AP,Grand Forks,ND,North Dakota,Very Cold,7
727640,BISMARCK MUNICIPAL ARPT,Burleigh,ND,North Dakota,Cold,6A
727645,DICKINSON MUNICIPAL AP,Stark,ND,North Dakota,Cold,6A
727670,WILLISTON SLOULIN INTL AP,Williams,ND,North Dakota,Very Cold,7
727675,MINOT AFB,Ward,ND,North Dakota,Very Cold,7
727676,MINOT FAA AP,Ward,ND,North Dakota,Very Cold,7
727680,GLASGOW INTL ARPT,Valley,MT,Montana,Cold,6B
727686,WOLF POINT INTL [FORT PECK - SURFRAD],Roosevelt,MT,Montana,Cold,6B
727687,SIDNEY-RICHLAND,Richland,MT,Montana,Cold,6B
727720,HELENA REGIONAL AIRPORT,Lewis and Clark,MT,Montana,Cold,6B
727730,MISSOULA INTERNATIONAL AP,Missoula,MT,Montana,Cold,6B
727750,GREAT FALLS INTL ARPT,Cascade,MT,Montana,Cold,6B
727770,HAVRE CITY-COUNTY AP,Hill,MT,Montana,Cold,6B
727790,KALISPELL GLACIER PK INT'L AR,Flathead,MT,Montana,Cold,6B
727796,CUT BANK MUNI AP,Glacier,MT,Montana,Cold,6B
727810,YAKIMA AIR TERMINAL,Yakima,WA,Washington,Cold,5B
727815,STAMPEDE PASS,Kittitas,WA,Washington,Cold,5B
727825,WENATCHEE/PANGBORN,Douglas,WA,Washington,Cold,5B
727826,EPHRATA AP FCWOS,Grant,WA,Washington,Cold,5B
727827,MOSES LAKE GRANT COUNTY AP,Grant,WA,Washington,Cold,5B
727830,LEWISTON NEZ PERCE CNTY AP,Nez Perce,ID,Idaho,Cold,5B
727834,COEUR D`ALENE(AWOS),Kootenai,ID,Idaho,Cold,5B
727840,HANFORD,Benton,WA,Washington,Cold,5B
727845,PASCO,Franklin,WA,Washington,Cold,5B
727846,WALLA WALLA CITY COUNTY AP,Walla Walla,WA,Washington,Cold,5B
727850,SPOKANE INTERNATIONAL AP,Spokane,WA,Washington,Cold,5B
727855,FAIRCHILD AFB,Spokane,WA,Washington,Cold,5B
727856,FELTS FLD,Spokane,WA,Washington,Cold,5B
727857,PULLMAN/MOSCOW RGNL,Whitman,WA,Washington,Cold,5B
727885,WILLIAM R FAIRCHILD,Clallam,WA,Washington,Marine,4C
727910,ASTORIA REGIONAL AIRPORT,Clatsop,OR,Oregon,Marine,4C
727920,OLYMPIA AIRPORT,Thurston,WA,Washington,Marine,4C
727923,HOQUIAM AP,Grays Harbor,WA,Washington,Marine,4C
727924,KELSO WB AP,Cowlitz,WA,Washington,Marine,4C
727926,TOLEDO-WINLOCK MEM,Lewis,WA,Washington,Marine,4C
727928,BREMERTON NATIONAL,Kitsap,WA,Washington,Marine,4C
727930,SEATTLE SEATTLE-TACOMA INTL A,King,WA,Washington,Marine,4C
727934,RENTON MUNI,King,WA,Washington,Marine,4C
727935,SEATTLE BOEING FIELD,King,WA,Washington,Marine,4C
727937,SNOHOMISH CO,Snohomish,WA,Washington,Marine,4C
727938,TACOMA NARROWS,Pierce,WA,Washington,Marine,4C
727970,QUILLAYUTE STATE AIRPORT,Clallam,WA,Washington,Marine,4C
727976,BELLINGHAM INTL AP,Whatcom,WA,Washington,Marine,4C
742060,MC CHORD AFB/TACOMA,Pierce,WA,Washington,Marine,4C
742070,GRAY AAF,Pierce,WA,Washington,Marine,4C
742300,MILES CITY MUNICIPAL ARPT,Custer,MT,Montana,Cold,6B
743700,FORT DRUM/WHEELER-S,Jefferson,NY,New York,Cold,6A
743920,BRUNSWICK NAS,Cumberland,ME,Maine,Cold,6A
743945,MANCHESTER AIRPORT,Rockingham,NH,New Hampshire,Cold,5A
744655,AURORA MUNICIPAL,Kane,IL,Illinois,Cold,5A
744860,NEW YORK J F KENNEDY INT'L AR,Queens,NY,New York,Mixed-Humid,4A
744864,REPUBLIC,Suffolk,NY,New York,Mixed-Humid,4A
744865,WESTHAMPTON GABRESKI AP,Suffolk,NY,New York,Mixed-Humid,4A
744904,LAWRENCE MUNI,Essex,MA,Massachusetts,Cold,5A
744910,CHICOPEE FALLS WESTO,Hampden,MA,Massachusetts,Cold,5A
744915,WESTFIELD BARNES MUNI AP,Hampden,MA,Massachusetts,Cold,5A
745090,MOUNTAIN VIEW MOFFETT FLD NAS,Santa Clara,CA,California,Marine,3C
745160,TRAVIS AFB/FAIRFLD,Solano,CA,California,Hot-Dry,3B
745700,WRIGHT-PATERSON AFB,Greene,OH,Ohio,Cold,5A
745940,ANDREWS AFB,Prince George's,MD,Maryland,Mixed-Humid,4A
745966,CAPE MAY CO,Cape May,NJ,New Jersey,Mixed-Humid,4A
745980,LANGLEY AFB/HAMPTON,Hampton,VA,Virginia,Mixed-Humid,4A
745985,MARTINSVILLE,Henry,VA,Virginia,Mixed-Humid,4A
746120,CHINA LAKE NAF,Kern,CA,California,Hot-Dry,3B
746710,FORT CAMPBELL (AAF),Christian,KY,Kentucky,Mixed-Humid,4A
746716,BOWLING GREEN WARREN CO AP,Warren,KY,Kentucky,Mixed-Humid,4A
746930,FORT BRAGG/SIMMONS,Cumberland,NC,North Carolina,Mixed-Humid,3A
746943,ELIZABETH CITY COAST GUARD AI [NREL],Pasquotank,NC,North Carolina,Mixed-Humid,3A
747020,LEMOORE REEVES NAS,Kings,CA,California,Hot-Dry,3B
747185,IMPERIAL,Imperial,CA,California,Hot-Dry,2B
747187,PALM SPRINGS THERMAL AP,Riverside,CA,California,Hot-Dry,3B
747188,BLYTHE RIVERSIDE CO ARPT,Riverside,CA,California,Hot-Dry,3B
747320,HOLLOMAN AFB,Otero,NM,New Mexico,Hot-Dry,3B
747540,ALEXANDRIA INTERNATIONAL,Rapides,LA,Louisiana,Hot-Humid,2A
747685,GULFPORT BILOXI INT,Harrison,MS,Mississippi,Mixed-Humid,2A
747686,KEESLER AFB/BILOXI,Harrison,MS,Mississippi,Mixed-Humid,2A
747750,TYNDALL AFB,Bay,FL,Florida,Hot-Humid,2A
747770,HURLBURT FIELD (AF),Okaloosa,FL,Florida,Hot-Humid,2A
747804,HUNTER AAF,Chatham,GA,Georgia,Hot-Humid,2A
747810,MOODY AFB/VALDOSTA,Lowndes,GA,Georgia,Hot-Humid,2A
747880,MACDILL AFB/TAMPA,Hillsborough,FL,Florida,Hot-Humid,2A
747900,SHAW AFB/SUMTER,Sumter,SC,South Carolina,Mixed-Humid,3A
747910,MYRTLE BEACH AFB,Horry,SC,South Carolina,Hot-Humid,3A
747915,NORTH MYRTLE BEACH GRAND STRA,Horry,SC,South Carolina,Hot-Humid,3A
747946,NASA SHUTTLE FCLTY,Brevard,FL,Florida,Hot-Humid,2A
785140,AQUADILLA/BORINQUEN,Miami-Dade,FL,Florida,Hot-Humid,1A
785145,EUGENIO MARIA DE HO,Miami-Dade,FL,Florida,Hot-Humid,1A
785203,MERCEDITA,Miami-Dade,FL,Florida,Hot-Humid,1A
785260,SAN JUAN INTL ARPT,Miami-Dade,FL,Florida,Hot-Humid,1A
785263,SAN JUAN L M MARIN INTL AP,Miami-Dade,FL,Florida,Hot-Humid,1A
785350,ROOSEVELT ROADS,Miami-Dade,FL,Florida,Hot-Humid,1A
785430,CHARLOTTE AMALIE HARRY S TRUM,Miami-Dade,FL,Florida,Hot-Humid,1A
911650,LIHUE AIRPORT,Kauai,HI,Hawaii,Hot-Humid,1A
911760,KANEOHE BAY MCAS,Honolulu,HI,Hawaii,Hot-Humid,1A
911780,BARBERS POINT NAS,Honolulu,HI,Hawaii,Hot-Humid,1A
911820,HONOLULU INTL ARPT,Honolulu,HI,Hawaii,Hot-Humid,1A
911860,MOLOKAI (AMOS),Maui,HI,Hawaii,Hot-Humid,1A
911900,KAHULUI AIRPORT,Maui,HI,Hawaii,Hot-Humid,1A
911904,KAPALUA,Maui,HI,Hawaii,Hot-Humid,1A
911905,LANAI,Maui,HI,Hawaii,Hot-Humid,1A
911975,KONA INTL AT KEAHOL,Hawaii,HI,Hawaii,Hot-Humid,1A
912120,GUAM WFO,Washington,ME,Maine,Cold,6A
912180,ANDERSEN AFB,Washington,ME,Maine,Cold,6A
912850,HILO INTERNATIONAL AP,Hawaii,HI,Hawaii,Hot-Humid,1A